[{"model": "admin.logentry", "pk": 1, "fields": {"action_time": "2025-05-16T16:01:26.178Z", "user": 11, "content_type": 6, "object_id": "5", "object_repr": "Lunch", "action_flag": 1, "change_message": "[{\"added\": {}}]"}}, {"model": "admin.logentry", "pk": 2, "fields": {"action_time": "2025-05-16T16:01:52.293Z", "user": 11, "content_type": 6, "object_id": "6", "object_repr": "Dinner", "action_flag": 1, "change_message": "[{\"added\": {}}]"}}, {"model": "admin.logentry", "pk": 3, "fields": {"action_time": "2025-05-16T16:01:59.113Z", "user": 11, "content_type": 6, "object_id": "7", "object_repr": "Breakfast", "action_flag": 1, "change_message": "[{\"added\": {}}]"}}, {"model": "admin.logentry", "pk": 4, "fields": {"action_time": "2025-05-16T16:02:14.208Z", "user": 11, "content_type": 6, "object_id": "8", "object_repr": "Snacks", "action_flag": 1, "change_message": "[{\"added\": {}}]"}}, {"model": "admin.logentry", "pk": 5, "fields": {"action_time": "2025-05-16T16:04:35.941Z", "user": 11, "content_type": 7, "object_id": "2", "object_repr": "Poha by Rajiv", "action_flag": 2, "change_message": "[{\"changed\": {\"fields\": [\"Media\", \"Category\", \"Ingredients\", \"Instructions\", \"Tags\"]}}]"}}, {"model": "admin.logentry", "pk": 6, "fields": {"action_time": "2025-05-16T16:05:33.273Z", "user": 11, "content_type": 7, "object_id": "3", "object_repr": "Upma by Anita", "action_flag": 2, "change_message": "[{\"changed\": {\"fields\": [\"Media\", \"Category\", \"Ingredients\", \"Instructions\", \"Tags\"]}}]"}}, {"model": "admin.logentry", "pk": 7, "fields": {"action_time": "2025-05-16T16:06:00.616Z", "user": 11, "content_type": 7, "object_id": "4", "object_repr": "Masala Idli by Manoj", "action_flag": 2, "change_message": "[{\"changed\": {\"fields\": [\"Media\", \"Category\", \"Ingredients\", \"Instructions\", \"Tags\"]}}]"}}, {"model": "admin.logentry", "pk": 8, "fields": {"action_time": "2025-05-16T16:06:26.672Z", "user": 11, "content_type": 7, "object_id": "5", "object_repr": "Dalia Khichdi by Priya", "action_flag": 2, "change_message": "[{\"changed\": {\"fields\": [\"Media\", \"Category\", \"Ingredients\", \"Instructions\", \"Tags\"]}}]"}}, {"model": "admin.logentry", "pk": 9, "fields": {"action_time": "2025-05-16T16:07:45.881Z", "user": 11, "content_type": 7, "object_id": "7", "object_repr": "Dal Tadka by Sunita", "action_flag": 2, "change_message": "[{\"changed\": {\"fields\": [\"Media\", \"Category\", \"Ingredients\", \"Instructions\", \"Tags\"]}}]"}}, {"model": "admin.logentry", "pk": 10, "fields": {"action_time": "2025-05-16T16:08:11.911Z", "user": 11, "content_type": 7, "object_id": "6", "object_repr": "Besan Chilla by Arjun", "action_flag": 2, "change_message": "[{\"changed\": {\"fields\": [\"Media\", \"Category\", \"Ingredients\", \"Instructions\", \"Tags\"]}}]"}}, {"model": "admin.logentry", "pk": 11, "fields": {"action_time": "2025-05-16T16:09:15.073Z", "user": 11, "content_type": 7, "object_id": "8", "object_repr": "Paneer Butter Masala by Vikram", "action_flag": 2, "change_message": "[{\"changed\": {\"fields\": [\"Media\", \"Category\", \"Ingredients\", \"Instructions\", \"Tags\"]}}]"}}, {"model": "admin.logentry", "pk": 12, "fields": {"action_time": "2025-05-16T16:09:34.735Z", "user": 11, "content_type": 7, "object_id": "10", "object_repr": "Veg Biryani by Rohit", "action_flag": 2, "change_message": "[{\"changed\": {\"fields\": [\"Media\", \"Category\", \"Ingredients\", \"Instructions\", \"Tags\"]}}]"}}, {"model": "admin.logentry", "pk": 13, "fields": {"action_time": "2025-05-16T16:09:53.879Z", "user": 11, "content_type": 7, "object_id": "9", "object_repr": "Chole Masala by Geeta", "action_flag": 2, "change_message": "[{\"changed\": {\"fields\": [\"Media\", \"Category\", \"Ingredients\", \"Instructions\", \"Tags\"]}}]"}}, {"model": "admin.logentry", "pk": 14, "fields": {"action_time": "2025-05-16T16:12:03.050Z", "user": 11, "content_type": 7, "object_id": "11", "object_repr": "Rajma Masala by Kavita", "action_flag": 2, "change_message": "[{\"changed\": {\"fields\": [\"Media\", \"Category\", \"Ingredients\", \"Instructions\", \"Tags\"]}}]"}}, {"model": "auth.permission", "pk": 1, "fields": {"name": "Can add log entry", "content_type": 1, "codename": "add_logentry"}}, {"model": "auth.permission", "pk": 2, "fields": {"name": "Can change log entry", "content_type": 1, "codename": "change_logentry"}}, {"model": "auth.permission", "pk": 3, "fields": {"name": "Can delete log entry", "content_type": 1, "codename": "delete_logentry"}}, {"model": "auth.permission", "pk": 4, "fields": {"name": "Can view log entry", "content_type": 1, "codename": "view_logentry"}}, {"model": "auth.permission", "pk": 5, "fields": {"name": "Can add permission", "content_type": 2, "codename": "add_permission"}}, {"model": "auth.permission", "pk": 6, "fields": {"name": "Can change permission", "content_type": 2, "codename": "change_permission"}}, {"model": "auth.permission", "pk": 7, "fields": {"name": "Can delete permission", "content_type": 2, "codename": "delete_permission"}}, {"model": "auth.permission", "pk": 8, "fields": {"name": "Can view permission", "content_type": 2, "codename": "view_permission"}}, {"model": "auth.permission", "pk": 9, "fields": {"name": "Can add group", "content_type": 3, "codename": "add_group"}}, {"model": "auth.permission", "pk": 10, "fields": {"name": "Can change group", "content_type": 3, "codename": "change_group"}}, {"model": "auth.permission", "pk": 11, "fields": {"name": "Can delete group", "content_type": 3, "codename": "delete_group"}}, {"model": "auth.permission", "pk": 12, "fields": {"name": "Can view group", "content_type": 3, "codename": "view_group"}}, {"model": "auth.permission", "pk": 13, "fields": {"name": "Can add content type", "content_type": 4, "codename": "add_contenttype"}}, {"model": "auth.permission", "pk": 14, "fields": {"name": "Can change content type", "content_type": 4, "codename": "change_contenttype"}}, {"model": "auth.permission", "pk": 15, "fields": {"name": "Can delete content type", "content_type": 4, "codename": "delete_contenttype"}}, {"model": "auth.permission", "pk": 16, "fields": {"name": "Can view content type", "content_type": 4, "codename": "view_contenttype"}}, {"model": "auth.permission", "pk": 17, "fields": {"name": "Can add session", "content_type": 5, "codename": "add_session"}}, {"model": "auth.permission", "pk": 18, "fields": {"name": "Can change session", "content_type": 5, "codename": "change_session"}}, {"model": "auth.permission", "pk": 19, "fields": {"name": "Can delete session", "content_type": 5, "codename": "delete_session"}}, {"model": "auth.permission", "pk": 20, "fields": {"name": "Can view session", "content_type": 5, "codename": "view_session"}}, {"model": "auth.permission", "pk": 21, "fields": {"name": "Can add category", "content_type": 6, "codename": "add_category"}}, {"model": "auth.permission", "pk": 22, "fields": {"name": "Can change category", "content_type": 6, "codename": "change_category"}}, {"model": "auth.permission", "pk": 23, "fields": {"name": "Can delete category", "content_type": 6, "codename": "delete_category"}}, {"model": "auth.permission", "pk": 24, "fields": {"name": "Can view category", "content_type": 6, "codename": "view_category"}}, {"model": "auth.permission", "pk": 25, "fields": {"name": "Can add Recipe", "content_type": 7, "codename": "add_recipe"}}, {"model": "auth.permission", "pk": 26, "fields": {"name": "Can change Recipe", "content_type": 7, "codename": "change_recipe"}}, {"model": "auth.permission", "pk": 27, "fields": {"name": "Can delete Recipe", "content_type": 7, "codename": "delete_recipe"}}, {"model": "auth.permission", "pk": 28, "fields": {"name": "Can view Recipe", "content_type": 7, "codename": "view_recipe"}}, {"model": "auth.permission", "pk": 29, "fields": {"name": "Can add custom user", "content_type": 8, "codename": "add_customuser"}}, {"model": "auth.permission", "pk": 30, "fields": {"name": "Can change custom user", "content_type": 8, "codename": "change_customuser"}}, {"model": "auth.permission", "pk": 31, "fields": {"name": "Can delete custom user", "content_type": 8, "codename": "delete_customuser"}}, {"model": "auth.permission", "pk": 32, "fields": {"name": "Can view custom user", "content_type": 8, "codename": "view_customuser"}}, {"model": "auth.permission", "pk": 33, "fields": {"name": "Can add tag", "content_type": 9, "codename": "add_tag"}}, {"model": "auth.permission", "pk": 34, "fields": {"name": "Can change tag", "content_type": 9, "codename": "change_tag"}}, {"model": "auth.permission", "pk": 35, "fields": {"name": "Can delete tag", "content_type": 9, "codename": "delete_tag"}}, {"model": "auth.permission", "pk": 36, "fields": {"name": "Can view tag", "content_type": 9, "codename": "view_tag"}}, {"model": "auth.permission", "pk": 37, "fields": {"name": "Can add tagged item", "content_type": 10, "codename": "add_taggeditem"}}, {"model": "auth.permission", "pk": 38, "fields": {"name": "Can change tagged item", "content_type": 10, "codename": "change_taggeditem"}}, {"model": "auth.permission", "pk": 39, "fields": {"name": "Can delete tagged item", "content_type": 10, "codename": "delete_taggeditem"}}, {"model": "auth.permission", "pk": 40, "fields": {"name": "Can view tagged item", "content_type": 10, "codename": "view_taggeditem"}}, {"model": "contenttypes.contenttype", "pk": 1, "fields": {"app_label": "admin", "model": "logentry"}}, {"model": "contenttypes.contenttype", "pk": 2, "fields": {"app_label": "auth", "model": "permission"}}, {"model": "contenttypes.contenttype", "pk": 3, "fields": {"app_label": "auth", "model": "group"}}, {"model": "contenttypes.contenttype", "pk": 4, "fields": {"app_label": "contenttypes", "model": "contenttype"}}, {"model": "contenttypes.contenttype", "pk": 5, "fields": {"app_label": "sessions", "model": "session"}}, {"model": "contenttypes.contenttype", "pk": 6, "fields": {"app_label": "recipes", "model": "category"}}, {"model": "contenttypes.contenttype", "pk": 7, "fields": {"app_label": "recipes", "model": "recipe"}}, {"model": "contenttypes.contenttype", "pk": 8, "fields": {"app_label": "authentication", "model": "customuser"}}, {"model": "contenttypes.contenttype", "pk": 9, "fields": {"app_label": "taggit", "model": "tag"}}, {"model": "contenttypes.contenttype", "pk": 10, "fields": {"app_label": "taggit", "model": "taggeditem"}}, {"model": "sessions.session", "pk": "fpf967t111mxa1t5rdoz341djx72q86d", "fields": {"session_data": ".eJxVjMsOwiAQRf-FtSED5WFduu83EGZgpGogKe3K-O_apAvd3nPOfYkQt7WEreclzElchNLi9DtipEeuO0n3WG9NUqvrMqPcFXnQLqeW8vN6uH8HJfbyrSMBAkVDiEzKZ4eDdsqyIQANZNQwZHR2PCfnWQETs1Z2JM_gsrUk3h8i-Dh5:1uFxiG:gAWPdJwm8M-uHpK251ktDFW4I1z_MlPbDS6Qr71c0m4", "expire_date": "2025-05-30T16:15:08.455Z"}}, {"model": "recipes.category", "pk": 5, "fields": {"name": "Lunch", "slug": "lunch"}}, {"model": "recipes.category", "pk": 6, "fields": {"name": "Dinner", "slug": "dinner"}}, {"model": "recipes.category", "pk": 7, "fields": {"name": "Breakfast", "slug": "breakfast"}}, {"model": "recipes.category", "pk": 8, "fields": {"name": "Snacks", "slug": "snacks"}}, {"model": "recipes.recipe", "pk": 2, "fields": {"user": 1, "title": "Poha", "slug": "poha", "recipe_image": "image/upload/v1747411469/pcorp5s23urkerfzigxu.jpg", "category": 7, "description": "<p>Light and fluffy poha tempered with mustard seeds, curry leaves, peanuts and fresh coriander.</p>", "ingredients": "<ul>\r\n<li>1 cup beaten rice (poha)</li>\r\n<li>1 onion, finely chopped</li>\r\n<li>1 potato, diced</li>\r\n<li>spices &amp; seasoning</li>\r\n</ul>", "instructions": "<ol>\r\n<li>Rinse poha, drain.</li>\r\n<li>Saut&sbquo; onions &amp; potato.</li>\r\n<li>Add spices, peanuts, then poha.</li>\r\n<li>Garnish &amp; serve hot.</li>\r\n</ol>", "view_count": 0, "created_at": "2025-05-16T12:44:26.909Z", "favorited_by": []}}, {"model": "recipes.recipe", "pk": 3, "fields": {"user": 2, "title": "Upma", "slug": "upma", "recipe_image": "image/upload/v1747411527/arqhg7fuyjvflsugagha.jpg", "category": 7, "description": "<p>Semolina cooked to perfection with vegetables and a hint of lemon.</p>", "ingredients": "<ul>\r\n<li>1 cup semolina (rava)</li>\r\n<li>mixed veggies</li>\r\n<li>mustard seeds, green chillies</li>\r\n</ul>", "instructions": "<ol>\r\n<li>Roast rava lightly.</li>\r\n<li>Temper spices &amp; veggies.</li>\r\n<li>Add water, then rava. Stir till fluffy.</li>\r\n</ol>", "view_count": 0, "created_at": "2025-05-16T12:44:26.909Z", "favorited_by": []}}, {"model": "recipes.recipe", "pk": 4, "fields": {"user": 3, "title": "Masala Idli", "slug": "masala-idli", "recipe_image": "image/upload/v1747411552/mpw4jcuslr1ubxe5sfty.jpg", "category": 5, "description": "<p>Steamed idlis tossed in a spiced South Indian masala.</p>", "ingredients": "<ul>\r\n<li>Idlis, cut into cubes</li>\r\n<li>onion, tomato, spices</li>\r\n</ul>", "instructions": "<ol>\r\n<li>Saut&sbquo; onion &amp; tomato with masala.</li>\r\n<li>Add idli cubes, toss gently.</li>\r\n</ol>", "view_count": 0, "created_at": "2025-05-16T12:44:26.909Z", "favorited_by": []}}, {"model": "recipes.recipe", "pk": 5, "fields": {"user": 4, "title": "Dalia Khichdi", "slug": "dalia-khichdi", "recipe_image": "image/upload/v1747411577/yhikudozwinoygdxhdoy.jpg", "category": 6, "description": "<p>Broken wheat khichdi with mixed vegetables and mild spices.</p>", "ingredients": "<ul>\r\n<li>1 cup broken wheat (dalia)</li>\r\n<li>mixed veggies</li>\r\n<li>ghee &amp; spices</li>\r\n</ul>", "instructions": "<ol>\r\n<li>Roast dalia briefly.</li>\r\n<li>Add veggies, water, spices. Cook till done.</li>\r\n</ol>", "view_count": 0, "created_at": "2025-05-16T12:44:26.909Z", "favorited_by": []}}, {"model": "recipes.recipe", "pk": 6, "fields": {"user": 5, "title": "Besan Chilla", "slug": "besan-chilla", "recipe_image": "image/upload/v1747411682/hzoeaumtqxrfjbvsiypq.jpg", "category": 7, "description": "<p>Savory gram-flour pancakes loaded with onions and herbs.</p>", "ingredients": "<ul>\r\n<li>1 cup besan (gram flour)</li>\r\n<li>onion, green chilli, coriander</li>\r\n</ul>", "instructions": "<ol>\r\n<li>Mix batter with water &amp; spices.</li>\r\n<li>Cook on griddle like pancakes.</li>\r\n</ol>", "view_count": 0, "created_at": "2025-05-16T12:44:26.909Z", "favorited_by": []}}, {"model": "recipes.recipe", "pk": 7, "fields": {"user": 6, "title": "Dal Tadka", "slug": "dal-tadka", "recipe_image": "image/upload/v1747411652/ycsdy4rvpleehorolue1.jpg", "category": 6, "description": "<p>Yellow lentils tempered with garlic, cumin and red chilli.</p>", "ingredients": "<ul>\r\n<li>1 cup toor dal</li>\r\n<li>garlic, cumin, chilli</li>\r\n</ul>", "instructions": "<ol>\r\n<li>Cook dal till soft.</li>\r\n<li>Temper spices and pour over dal.</li>\r\n</ol>", "view_count": 0, "created_at": "2025-05-16T12:44:26.909Z", "favorited_by": []}}, {"model": "recipes.recipe", "pk": 8, "fields": {"user": 7, "title": "Paneer Butter Masala", "slug": "paneer-butter-masala", "recipe_image": "image/upload/v1747411744/spoawbaodbh7dfp9kn6x.jpg", "category": 6, "description": "<p>Soft paneer cubes in a rich tomato-butter gravy.</p>", "ingredients": "<ul>\r\n<li>200g paneer</li>\r\n<li>tomato puree, butter, cream</li>\r\n</ul>", "instructions": "<ol>\r\n<li>Cook tomato puree with spices.</li>\r\n<li>Add butter, paneer, cream. Simmer.</li>\r\n</ol>", "view_count": 0, "created_at": "2025-05-16T12:44:26.909Z", "favorited_by": []}}, {"model": "recipes.recipe", "pk": 9, "fields": {"user": 8, "title": "Chole Masala", "slug": "chole-masala", "recipe_image": "image/upload/v1747411787/lfvlh88yzp3vybjdid0l.jpg", "category": 5, "description": "<p>Chickpeas cooked in a spicy onion-tomato gravy.</p>", "ingredients": "<ul>\r\n<li>1 cup chickpeas</li>\r\n<li>onion, tomato, spices</li>\r\n</ul>", "instructions": "<ol>\r\n<li>Soak &amp; cook chickpeas.</li>\r\n<li>Prepare masala gravy, add chickpeas. Simmer.</li>\r\n</ol>", "view_count": 0, "created_at": "2025-05-16T12:44:26.909Z", "favorited_by": []}}, {"model": "recipes.recipe", "pk": 10, "fields": {"user": 9, "title": "Veg Biryani", "slug": "veg-biryani", "recipe_image": "image/upload/v1747411765/tpummplwcjs9ou306ipp.jpg", "category": 5, "description": "<p>Layered rice and vegetables cooked with aromatic spices.</p>", "ingredients": "<ul>\r\n<li>Basmati rice, mixed veggies</li>\r\n<li>garam masala, saffron</li>\r\n</ul>", "instructions": "<ol>\r\n<li>Par-cook rice &amp; veggies.</li>\r\n<li>Layer, then dum-cook together.</li>\r\n</ol>", "view_count": 0, "created_at": "2025-05-16T12:44:26.909Z", "favorited_by": []}}, {"model": "recipes.recipe", "pk": 11, "fields": {"user": 10, "title": "Rajma Masala", "slug": "rajma-masala", "recipe_image": "image/upload/v1747411916/wjvodkubyrdbd8bxepxu.jpg", "category": 6, "description": "<p>Red kidney beans in a thick onion-tomato gravy.</p>", "ingredients": "<ul>\r\n<li>1 cup rajma</li>\r\n<li>onion, tomato, spices</li>\r\n</ul>", "instructions": "<ol>\r\n<li>Soak &amp; cook rajma.</li>\r\n<li>Make gravy, add rajma, simmer.</li>\r\n</ol>", "view_count": 0, "created_at": "2025-05-16T12:44:26.909Z", "favorited_by": []}}, {"model": "authentication.customuser", "pk": 1, "fields": {"password": "pbkdf2_sha256$870000$LQnbqv83DTySLeQzFItMSy$FQKZYAUojNfBKsRFqaybUm/KzLvggOjhnyfMFsx8oUQ=", "last_login": null, "is_superuser": false, "email": "rajiv.kumar@example.com", "first_name": "Rajiv", "last_name": "Kumar", "is_active": true, "is_staff": false, "date_joined": "2025-05-16T12:38:41.496Z", "groups": [], "user_permissions": []}}, {"model": "authentication.customuser", "pk": 2, "fields": {"password": "pbkdf2_sha256$870000$LQnbqv83DTySLeQzFItMSy$FQKZYAUojNfBKsRFqaybUm/KzLvggOjhnyfMFsx8oUQ=", "last_login": null, "is_superuser": false, "email": "anita.sharma@example.com", "first_name": "Anita", "last_name": "Sharma", "is_active": true, "is_staff": false, "date_joined": "2025-05-16T12:38:41.496Z", "groups": [], "user_permissions": []}}, {"model": "authentication.customuser", "pk": 3, "fields": {"password": "pbkdf2_sha256$870000$LQnbqv83DTySLeQzFItMSy$FQKZYAUojNfBKsRFqaybUm/KzLvggOjhnyfMFsx8oUQ=", "last_login": null, "is_superuser": false, "email": "manoj.verma@example.com", "first_name": "Manoj", "last_name": "Verma", "is_active": true, "is_staff": false, "date_joined": "2025-05-16T12:38:41.496Z", "groups": [], "user_permissions": []}}, {"model": "authentication.customuser", "pk": 4, "fields": {"password": "pbkdf2_sha256$870000$LQnbqv83DTySLeQzFItMSy$FQKZYAUojNfBKsRFqaybUm/KzLvggOjhnyfMFsx8oUQ=", "last_login": null, "is_superuser": false, "email": "priya.malhotra@example.com", "first_name": "Priya", "last_name": "Malhotra", "is_active": true, "is_staff": false, "date_joined": "2025-05-16T12:38:41.496Z", "groups": [], "user_permissions": []}}, {"model": "authentication.customuser", "pk": 5, "fields": {"password": "pbkdf2_sha256$870000$LQnbqv83DTySLeQzFItMSy$FQKZYAUojNfBKsRFqaybUm/KzLvggOjhnyfMFsx8oUQ=", "last_login": null, "is_superuser": false, "email": "arjun.singh@example.com", "first_name": "Arjun", "last_name": "Singh", "is_active": true, "is_staff": false, "date_joined": "2025-05-16T12:38:41.496Z", "groups": [], "user_permissions": []}}, {"model": "authentication.customuser", "pk": 6, "fields": {"password": "pbkdf2_sha256$870000$LQnbqv83DTySLeQzFItMSy$FQKZYAUojNfBKsRFqaybUm/KzLvggOjhnyfMFsx8oUQ=", "last_login": null, "is_superuser": false, "email": "sunita.patel@example.com", "first_name": "Sunita", "last_name": "Patel", "is_active": true, "is_staff": false, "date_joined": "2025-05-16T12:38:41.496Z", "groups": [], "user_permissions": []}}, {"model": "authentication.customuser", "pk": 7, "fields": {"password": "pbkdf2_sha256$870000$LQnbqv83DTySLeQzFItMSy$FQKZYAUojNfBKsRFqaybUm/KzLvggOjhnyfMFsx8oUQ=", "last_login": null, "is_superuser": false, "email": "vikram.rao@example.com", "first_name": "Vikram", "last_name": "Rao", "is_active": true, "is_staff": false, "date_joined": "2025-05-16T12:38:41.496Z", "groups": [], "user_permissions": []}}, {"model": "authentication.customuser", "pk": 8, "fields": {"password": "pbkdf2_sha256$870000$LQnbqv83DTySLeQzFItMSy$FQKZYAUojNfBKsRFqaybUm/KzLvggOjhnyfMFsx8oUQ=", "last_login": null, "is_superuser": false, "email": "geeta.nair@example.com", "first_name": "Geeta", "last_name": "Nair", "is_active": true, "is_staff": false, "date_joined": "2025-05-16T12:38:41.496Z", "groups": [], "user_permissions": []}}, {"model": "authentication.customuser", "pk": 9, "fields": {"password": "pbkdf2_sha256$870000$LQnbqv83DTySLeQzFItMSy$FQKZYAUojNfBKsRFqaybUm/KzLvggOjhnyfMFsx8oUQ=", "last_login": null, "is_superuser": false, "email": "rohit.mehta@example.com", "first_name": "Rohit", "last_name": "Mehta", "is_active": true, "is_staff": false, "date_joined": "2025-05-16T12:38:41.496Z", "groups": [], "user_permissions": []}}, {"model": "authentication.customuser", "pk": 10, "fields": {"password": "pbkdf2_sha256$870000$LQnbqv83DTySLeQzFItMSy$FQKZYAUojNfBKsRFqaybUm/KzLvggOjhnyfMFsx8oUQ=", "last_login": null, "is_superuser": false, "email": "kavita.das@example.com", "first_name": "Kavita", "last_name": "Das", "is_active": true, "is_staff": false, "date_joined": "2025-05-16T12:38:41.496Z", "groups": [], "user_permissions": []}}, {"model": "authentication.customuser", "pk": 11, "fields": {"password": "pbkdf2_sha256$870000$TLOpD1NGQUL7G0RykbB585$T2T/mZjdByrJOGmLmpkaW8o1ZjdDuxLc9EOtZDk+ydg=", "last_login": "2025-05-16T12:47:28.836Z", "is_superuser": true, "email": "jaiswaranagh@gmail.com", "first_name": "anagh", "last_name": "jaiswwar", "is_active": true, "is_staff": true, "date_joined": "2025-05-16T12:46:43.409Z", "groups": [], "user_permissions": []}}, {"model": "authentication.customuser", "pk": 12, "fields": {"password": "pbkdf2_sha256$870000$AOBaY0GLh56YVlF2pbhdWZ$ey6WkGJyvB3z3o+2d2wzn3WHy/r8UZjrvxo4pz41ggo=", "last_login": "2025-05-16T16:15:08.038Z", "is_superuser": false, "email": "aman@gmail.com", "first_name": "Amandeep", "last_name": "prajapati", "is_active": true, "is_staff": false, "date_joined": "2025-05-16T16:14:48.441Z", "groups": [], "user_permissions": []}}, {"model": "taggit.tag", "pk": 19, "fields": {"name": "poha", "slug": "poha"}}, {"model": "taggit.tag", "pk": 20, "fields": {"name": "upma", "slug": "upma"}}, {"model": "taggit.tag", "pk": 21, "fields": {"name": "idli", "slug": "idli"}}, {"model": "taggit.tag", "pk": 22, "fields": {"name": "masala", "slug": "masala"}}, {"model": "taggit.tag", "pk": 23, "fields": {"name": "dalia", "slug": "dalia"}}, {"model": "taggit.tag", "pk": 24, "fields": {"name": "khichdi", "slug": "khichdi"}}, {"model": "taggit.tag", "pk": 25, "fields": {"name": "dal", "slug": "dal"}}, {"model": "taggit.tag", "pk": 26, "fields": {"name": "dal tadka", "slug": "dal-tadka"}}, {"model": "taggit.tag", "pk": 27, "fields": {"name": "tadka", "slug": "tadka"}}, {"model": "taggit.tag", "pk": 28, "fields": {"name": "besan", "slug": "besan"}}, {"model": "taggit.tag", "pk": 29, "fields": {"name": "chilla", "slug": "chilla"}}, {"model": "taggit.tag", "pk": 30, "fields": {"name": "butter", "slug": "butter"}}, {"model": "taggit.tag", "pk": 31, "fields": {"name": "paneer", "slug": "paneer"}}, {"model": "taggit.tag", "pk": 32, "fields": {"name": "biryani", "slug": "biryani"}}, {"model": "taggit.tag", "pk": 33, "fields": {"name": "veg", "slug": "veg"}}, {"model": "taggit.tag", "pk": 34, "fields": {"name": "chole", "slug": "chole"}}, {"model": "taggit.tag", "pk": 35, "fields": {"name": "rajma", "slug": "rajma"}}, {"model": "taggit.taggeditem", "pk": 22, "fields": {"tag": 19, "content_type": 7, "object_id": 2}}, {"model": "taggit.taggeditem", "pk": 23, "fields": {"tag": 20, "content_type": 7, "object_id": 3}}, {"model": "taggit.taggeditem", "pk": 24, "fields": {"tag": 21, "content_type": 7, "object_id": 4}}, {"model": "taggit.taggeditem", "pk": 25, "fields": {"tag": 22, "content_type": 7, "object_id": 4}}, {"model": "taggit.taggeditem", "pk": 26, "fields": {"tag": 23, "content_type": 7, "object_id": 5}}, {"model": "taggit.taggeditem", "pk": 27, "fields": {"tag": 24, "content_type": 7, "object_id": 5}}, {"model": "taggit.taggeditem", "pk": 28, "fields": {"tag": 25, "content_type": 7, "object_id": 7}}, {"model": "taggit.taggeditem", "pk": 29, "fields": {"tag": 26, "content_type": 7, "object_id": 7}}, {"model": "taggit.taggeditem", "pk": 30, "fields": {"tag": 27, "content_type": 7, "object_id": 7}}, {"model": "taggit.taggeditem", "pk": 31, "fields": {"tag": 28, "content_type": 7, "object_id": 6}}, {"model": "taggit.taggeditem", "pk": 32, "fields": {"tag": 29, "content_type": 7, "object_id": 6}}, {"model": "taggit.taggeditem", "pk": 33, "fields": {"tag": 30, "content_type": 7, "object_id": 8}}, {"model": "taggit.taggeditem", "pk": 34, "fields": {"tag": 22, "content_type": 7, "object_id": 8}}, {"model": "taggit.taggeditem", "pk": 35, "fields": {"tag": 31, "content_type": 7, "object_id": 8}}, {"model": "taggit.taggeditem", "pk": 36, "fields": {"tag": 32, "content_type": 7, "object_id": 10}}, {"model": "taggit.taggeditem", "pk": 37, "fields": {"tag": 33, "content_type": 7, "object_id": 10}}, {"model": "taggit.taggeditem", "pk": 38, "fields": {"tag": 34, "content_type": 7, "object_id": 9}}, {"model": "taggit.taggeditem", "pk": 39, "fields": {"tag": 22, "content_type": 7, "object_id": 9}}, {"model": "taggit.taggeditem", "pk": 40, "fields": {"tag": 22, "content_type": 7, "object_id": 11}}, {"model": "taggit.taggeditem", "pk": 41, "fields": {"tag": 35, "content_type": 7, "object_id": 11}}]